<ImportExportXml xmlns:xsi="http://www.w3.org/2001/XMLSchema-instance" OrganizationVersion="9.2.25041.176" OrganizationSchemaType="Standard" CRMServerServiceabilityVersion="9.2.25041.00176">
  <Entities></Entities>
  <Roles></Roles>
  <Workflows>
    <Workflow WorkflowId="{dacc28e9-ba1b-f011-998a-000d3a88c271}" Name="Helpdesk - Create Site Columns" Description="This flow automates the creation of SharePoint site columns based on an Excel planning document. It reads predefined field configurations, creates XML definitions, from the Excel file and uses them to create custom columns in the target SharePoint site.">
      <JsonFileName>/Workflows/Helpdesk-CreateSiteColumns-DACC28E9-BA1B-F011-998A-000D3A88C271.json</JsonFileName>
      <Type>1</Type>
      <Subprocess>0</Subprocess>
      <Category>5</Category>
      <Mode>0</Mode>
      <Scope>4</Scope>
      <OnDemand>0</OnDemand>
      <TriggerOnCreate>0</TriggerOnCreate>
      <TriggerOnDelete>0</TriggerOnDelete>
      <AsyncAutodelete>0</AsyncAutodelete>
      <SyncWorkflowLogOnFailure>0</SyncWorkflowLogOnFailure>
      <StateCode>1</StateCode>
      <StatusCode>2</StatusCode>
      <RunAs>1</RunAs>
      <IsTransacted>1</IsTransacted>
      <IntroducedVersion>1.0.0.0</IntroducedVersion>
      <IsCustomizable>1</IsCustomizable>
      <BusinessProcessType>0</BusinessProcessType>
      <IsCustomProcessingStepAllowedForOtherPublishers>1</IsCustomProcessingStepAllowedForOtherPublishers>
      <ModernFlowType>0</ModernFlowType>
      <PrimaryEntity>none</PrimaryEntity>
      <LocalizedNames>
        <LocalizedName languagecode="1033" description="Helpdesk - Create Site Columns" />
      </LocalizedNames>
      <Descriptions>
        <Description languagecode="1033" description="This flow automates the creation of SharePoint site columns based on an Excel planning document. It reads predefined field configurations, creates XML definitions, from the Excel file and uses them to create custom columns in the target SharePoint site." />
      </Descriptions>
    </Workflow>
  </Workflows>
  <FieldSecurityProfiles></FieldSecurityProfiles>
  <Templates />
  <EntityMaps />
  <EntityRelationships />
  <OrganizationSettings />
  <optionsets />
  <CustomControls />
  <EntityDataProviders />
  <connectionreferences>
    <connectionreference connectionreferencelogicalname="contoso_HDEXCEBUSINESSCONNECTION">
      <connectionreferencedisplayname>HD-EXCEBUSINESS-CONNECTION</connectionreferencedisplayname>
      <connectorid>/providers/Microsoft.PowerApps/apis/shared_excelonlinebusiness</connectorid>
      <description>HD-EXCEBUSINESS-Connection</description>
      <iscustomizable>1</iscustomizable>
      <promptingbehavior>0</promptingbehavior>
      <statecode>0</statecode>
      <statuscode>1</statuscode>
    </connectionreference>
    <connectionreference connectionreferencelogicalname="contoso_HDSPOConnection">
      <connectionreferencedisplayname>HD-SPO-CONNECTION</connectionreferencedisplayname>
      <connectorid>/providers/Microsoft.PowerApps/apis/shared_sharepointonline</connectorid>
      <description>HD-SPO-CONNECTION</description>
      <iscustomizable>1</iscustomizable>
      <promptingbehavior>0</promptingbehavior>
      <statecode>0</statecode>
      <statuscode>1</statuscode>
    </connectionreference>
  </connectionreferences>
  <Languages>
    <Language>1033</Language>
  </Languages>
</ImportExportXml>