<environmentvariabledefinition schemaname="contoso_HDENVSITESPO">
  <apiid>/providers/microsoft.powerapps/apis/shared_sharepointonline</apiid>
  <description default="HD-ENV-SITE-SPO">
    <label description="HD-ENV-SITE-SPO" languagecode="1033" />
  </description>
  <displayname default="HD-ENV-SITE-SPO">
    <label description="HD-ENV-SITE-SPO" languagecode="1033" />
  </displayname>
  <introducedversion>1.0.0.0</introducedversion>
  <iscustomizable>1</iscustomizable>
  <isrequired>0</isrequired>
  <parameterkey>dataset</parameterkey>
  <secretstore>0</secretstore>
  <type>100000004</type>
</environmentvariabledefinition>