{
  "properties": {
    "connectionReferences": {
      "shared_excelonlinebusiness-1": {
        "runtimeSource": "invoker",
        "connection": {
          "connectionReferenceLogicalName": "contoso_HDEXCEBUSINESSCONNECTION"
        },
        "api": {
          "name": "shared_excelonlinebusiness"
        }
      },
      "shared_sharepointonline": {
        "runtimeSource": "invoker",
        "connection": {
          "connectionReferenceLogicalName": "contoso_HDSPOConnection"
        },
        "api": {
          "name": "shared_sharepointonline"
        }
      }
    },
    "definition": {
      "$schema": "https://schema.management.azure.com/providers/Microsoft.Logic/schemas/2016-06-01/workflowdefinition.json#",
      "contentVersion": "1.0.0.0",
      "parameters": {
        "$connections": {
          "defaultValue": {},
          "type": "Object"
        },
        "$authentication": {
          "defaultValue": {},
          "type": "SecureObject"
        },
        "HD-ENV-SITE-SPO (contoso_HDENVSITESPO)": {
          "defaultValue": "https://belemcloud.sharepoint.com/sites/Helpdesk",
          "type": "String",
          "metadata": {
            "schemaName": "contoso_HDENVSITESPO",
            "description": "HD-ENV-SITE-SPO"
          }
        }
      },
      "triggers": {
        "manual": {
          "metadata": {
            "operationMetadataId": "9d6589b2-9667-4a55-a45c-88acc3d8c3e7"
          },
          "type": "Request",
          "kind": "Button",
          "inputs": {
            "schema": {
              "type": "object",
              "properties": {},
              "required": []
            }
          }
        }
      },
      "actions": {
        "I-varXMLColumn": {
          "runAfter": {},
          "metadata": {
            "operationMetadataId": "539decf6-6a0b-4942-88df-03efd84165ea"
          },
          "type": "InitializeVariable",
          "inputs": {
            "variables": [
              {
                "name": "varXMLColumn",
                "type": "string"
              }
            ]
          },
          "description": "Inicializar variable para configurar el valor XML de la columna de sitio a crear en SPO"
        },
        "I-varGuidColumn": {
          "runAfter": {
            "I-varXMLColumn": [
              "Succeeded"
            ]
          },
          "metadata": {
            "operationMetadataId": "3c55b0aa-b7b3-4dac-b2f2-e8c676a2a731"
          },
          "type": "InitializeVariable",
          "inputs": {
            "variables": [
              {
                "name": "varGuidColumn",
                "type": "string"
              }
            ]
          },
          "description": "Inicializar la variable donde se va a almacenar el Guid para cada nueva columna de sitio creada en SPO"
        },
        "Get_Site_Columns": {
          "runAfter": {
            "I-varGuidColumn": [
              "Succeeded"
            ]
          },
          "metadata": {
            "01T3ZB4U4I3A4DHENQJJBKVJJP4XXDZMSX": "/Site Columns Provisiong Example/Site Columns SharePoint - Example.xlsx",
            "tableId": "{789A01B6-389A-483B-91E0-09772BCCDC76}",
            "operationMetadataId": "0879ae73-1d96-4c77-b2a3-94fce823b7e0",
            "01T3ZB4U7UJPR44MIGFZEI2GHRKAZ4NKQX": "/Site Columns Provisiong Example/Site Columns SharePoint - Example1.xlsx"
          },
          "type": "OpenApiConnection",
          "inputs": {
            "host": {
              "connectionName": "shared_excelonlinebusiness-1",
              "operationId": "GetItems",
              "apiId": "/providers/Microsoft.PowerApps/apis/shared_excelonlinebusiness"
            },
            "parameters": {
              "source": "me",
              "drive": "b!YoHmbE-jakWLwsjOLJOqfaE65hXZte9Ctbz4pKMfBieRbtcTmMpZQYj3kGooDacF",
              "file": "01T3ZB4U4I3A4DHENQJJBKVJJP4XXDZMSX",
              "table": "{789A01B6-389A-483B-91E0-09772BCCDC76}"
            },
            "authentication": {
              "type": "Raw",
              "value": "@json(decodeBase64(triggerOutputs().headers['X-MS-APIM-Tokens']))['$ConnectionKey']"
            }
          }
        },
        "For_each_site_column": {
          "foreach": "@outputs('Get_Site_Columns')?['body/value']",
          "actions": {
            "Is_Column_Type_Text": {
              "actions": {
                "Set_varXMLColumn_Text": {
                  "runAfter": {},
                  "metadata": {
                    "operationMetadataId": "dcd40277-564f-4882-9394-1820a21bf4f9"
                  },
                  "type": "SetVariable",
                  "inputs": {
                    "name": "varXMLColumn",
                    "value": "<Field Type=\"Text\"\nDisplayName=\"@{items('For_each_site_column')?['DisplayName']}\"\nDescription=\"@{items('For_each_site_column')?['Description']}\"\nStaticName=\"@{items('For_each_site_column')?['Name']}\" \nName=\"@{items('For_each_site_column')?['Name']}\" \nRequired=\"@{items('For_each_site_column')?['IsRequired']}\" \nEnforceUniqueValues=\"@{items('For_each_site_column')?['isValueUnique']}\" \nIndexed=\"@{items('For_each_site_column')?['isIndex']}\" \nMaxLength=\"255\" \nGroup=\"@{items('For_each_site_column')?['Group']}\" \nID=\"{@{variables('varGuidColumn')}}\" />"
                  }
                }
              },
              "runAfter": {
                "Set_varGuidColumn": [
                  "Succeeded"
                ]
              },
              "expression": {
                "and": [
                  {
                    "equals": [
                      "@items('For_each_site_column')?['ColumnType']",
                      "Text"
                    ]
                  }
                ]
              },
              "metadata": {
                "operationMetadataId": "67abf2b5-576c-43f4-b098-4da95d648e3e"
              },
              "type": "If"
            },
            "Set_varGuidColumn": {
              "runAfter": {},
              "metadata": {
                "operationMetadataId": "955a93e0-a5c7-4c1c-b8a7-b86ddbab5761"
              },
              "type": "SetVariable",
              "inputs": {
                "name": "varGuidColumn",
                "value": "@guid()"
              }
            },
            "Is_Column_Type_Note": {
              "actions": {
                "Set_varXMLColumn_Note": {
                  "runAfter": {},
                  "metadata": {
                    "operationMetadataId": "e24c5068-d041-4d71-833b-3cc29e5410a5"
                  },
                  "type": "SetVariable",
                  "inputs": {
                    "name": "varXMLColumn",
                    "value": "<Field Type=\"Note\"\nDisplayName=\"@{items('For_each_site_column')?['DisplayName']}\"\nDescription=\" @{items('For_each_site_column')?['Description']}\"\nStaticName=\"@{items('For_each_site_column')?['Name']}\" \nName=\"@{items('For_each_site_column')?['Name']}\" \nRequired=\"@{items('For_each_site_column')?['IsRequired']}\" \nEnforceUniqueValues=\"@{items('For_each_site_column')?['isValueUnique']}\" \nIndexed=\"@{items('For_each_site_column')?['isIndex']}\"\nRichText=\"@{items('For_each_site_column')?['isRichText']}\" \nUnlimitedLengthInDocumentLibrary = \"@{items('For_each_site_column')?['IsUnlimited']}\" \nGroup=\"@{items('For_each_site_column')?['Group']}\" \nID=\"{@{variables('varGuidColumn')}}\" />"
                  }
                }
              },
              "runAfter": {
                "Is_Column_Type_Text": [
                  "Succeeded"
                ]
              },
              "expression": {
                "and": [
                  {
                    "equals": [
                      "@item()?['ColumnType']",
                      "Note"
                    ]
                  }
                ]
              },
              "metadata": {
                "operationMetadataId": "224246f4-9905-4863-8ad4-5eeac3d64ec7"
              },
              "type": "If"
            },
            "Is_Column_Type_Choice": {
              "actions": {
                "Set_varXMLColumn_Choice": {
                  "runAfter": {},
                  "metadata": {
                    "operationMetadataId": "dee867d4-d9d4-4a8e-a514-34a7598094ca"
                  },
                  "type": "SetVariable",
                  "inputs": {
                    "name": "varXMLColumn",
                    "value": "<Field Type=\"Choice\"\nDisplayName=\"@{items('For_each_site_column')?['DisplayName']}\"\nDescription=\"@{items('For_each_site_column')?['Description']}\"\nStaticName=\"@{items('For_each_site_column')?['Name']}\" \nName=\"@{items('For_each_site_column')?['Name']}\" \nRequired=\"@{items('For_each_site_column')?['IsRequired']}\" \nEnforceUniqueValues=\"@{items('For_each_site_column')?['isValueUnique']}\" \nIndexed=\"@{items('For_each_site_column')?['isIndex']}\" \nFormat=\"@{items('For_each_site_column')?['Format']}\" \nFillInChoice=\"FALSE\"\nGroup=\"@{items('For_each_site_column')?['Group']}\" \nID=\"{@{variables('varGuidColumn')}}\" >\n@{items('For_each_site_column')?['Choices']}\n<Default>\n@{items('For_each_site_column')?['DefaultValue']}\n</Default>\n</Field>"
                  }
                }
              },
              "runAfter": {
                "Is_Column_Type_Note": [
                  "Succeeded"
                ]
              },
              "expression": {
                "and": [
                  {
                    "equals": [
                      "@item()?['ColumnType']",
                      "Choice"
                    ]
                  }
                ]
              },
              "metadata": {
                "operationMetadataId": "6e641e9d-5d9d-4324-875e-00f647581639"
              },
              "type": "If"
            },
            "Is_Column_Type_Number": {
              "actions": {
                "Set_varXMLColumn_Number": {
                  "runAfter": {},
                  "metadata": {
                    "operationMetadataId": "61024497-3515-4f6d-ac7d-fbb0402b390b"
                  },
                  "type": "SetVariable",
                  "inputs": {
                    "name": "varXMLColumn",
                    "value": "<Field Type=\"Number\"\nDisplayName=\"@{items('For_each_site_column')?['DisplayName']}\"\nDescription=\"@{items('For_each_site_column')?['Description']}\"\nStaticName=\"@{items('For_each_site_column')?['Name']}\" \nName=\"@{items('For_each_site_column')?['Name']}\" \nRequired=\"@{items('For_each_site_column')?['IsRequired']}\" \nEnforceUniqueValues=\"@{items('For_each_site_column')?['isValueUnique']}\" \nIndexed=\"@{items('For_each_site_column')?['isIndex']}\" \nMin=\"@{items('For_each_site_column')?['Min']}\" \nMax=\"@{items('For_each_site_column')?['Max']}\"\nDecimals=\"@{items('For_each_site_column')?['Decimals']}\" \nGroup=\"@{items('For_each_site_column')?['Group']}\" \nID=\"{@{variables('varGuidColumn')}}\" />"
                  }
                }
              },
              "runAfter": {
                "Is_Column_Type_Choice": [
                  "Succeeded"
                ]
              },
              "expression": {
                "and": [
                  {
                    "equals": [
                      "@item()?['ColumnType']",
                      "Number"
                    ]
                  }
                ]
              },
              "metadata": {
                "operationMetadataId": "069cb50a-1f11-414c-b941-1d168433c6f7"
              },
              "type": "If"
            },
            "Is_Column_Type_DateTime": {
              "actions": {
                "Set_varXMLColumn_DateTime": {
                  "runAfter": {},
                  "metadata": {
                    "operationMetadataId": "082457ff-cd7d-4bea-8023-b61af2a23833"
                  },
                  "type": "SetVariable",
                  "inputs": {
                    "name": "varXMLColumn",
                    "value": "<Field Type=\"DateTime\"\nDisplayName=\"@{items('For_each_site_column')?['DisplayName']}\"\nDescription=\"@{items('For_each_site_column')?['Description']}\"\nStaticName=\"@{items('For_each_site_column')?['Name']}\" \nName=\"@{items('For_each_site_column')?['Name']}\" \nRequired=\"@{items('For_each_site_column')?['IsRequired']}\" \nEnforceUniqueValues=\"@{items('For_each_site_column')?['isValueUnique']}\" \nIndexed=\"@{items('For_each_site_column')?['isIndex']}\" \nFormat=\"@{items('For_each_site_column')?['Format']}\" \nGroup=\"@{items('For_each_site_column')?['Group']}\" \nID=\"{@{variables('varGuidColumn')}}\" />"
                  }
                }
              },
              "runAfter": {
                "Is_Column_Type_Number": [
                  "Succeeded"
                ]
              },
              "expression": {
                "and": [
                  {
                    "equals": [
                      "@item()?['ColumnType']",
                      "DateTime"
                    ]
                  }
                ]
              },
              "metadata": {
                "operationMetadataId": "04838a7c-7ab8-45e3-a56a-d9925649e4ee"
              },
              "type": "If"
            },
            "Is_Column_Type_Boolean": {
              "actions": {
                "Set_varXMLColumn_Boolean": {
                  "runAfter": {},
                  "metadata": {
                    "operationMetadataId": "30a135c6-d840-43c3-858e-d4432d8277ec"
                  },
                  "type": "SetVariable",
                  "inputs": {
                    "name": "varXMLColumn",
                    "value": "<Field Type=\"Boolean\"\nDisplayName=\"@{items('For_each_site_column')?['DisplayName']}\"\nDescription=\"@{items('For_each_site_column')?['Description']}\"\nStaticName=\"@{items('For_each_site_column')?['Name']}\" \nName=\"@{items('For_each_site_column')?['Name']}\" \nRequired=\"@{items('For_each_site_column')?['IsRequired']}\" \nEnforceUniqueValues=\"@{items('For_each_site_column')?['isValueUnique']}\" \nIndexed=\"@{items('For_each_site_column')?['isIndex']}\" \nGroup=\"@{items('For_each_site_column')?['Group']}\" \nID=\"{@{variables('varGuidColumn')}}\" >\n<Default>@{items('For_each_site_column')?['DefaultValue']}</Default>\n</Field>"
                  }
                }
              },
              "runAfter": {
                "Is_Column_Type_DateTime": [
                  "Succeeded"
                ]
              },
              "expression": {
                "and": [
                  {
                    "equals": [
                      "@item()?['ColumnType']",
                      "Boolean"
                    ]
                  }
                ]
              },
              "metadata": {
                "operationMetadataId": "042ffafe-aaab-450e-8613-9d15bd6440e5"
              },
              "type": "If"
            },
            "Is_Column_Type_User": {
              "actions": {
                "Set_varXMLColumn_User": {
                  "runAfter": {},
                  "metadata": {
                    "operationMetadataId": "e26c381f-462e-4f0b-9466-3f4fea3a83ae"
                  },
                  "type": "SetVariable",
                  "inputs": {
                    "name": "varXMLColumn",
                    "value": "<Field Type=\"User\"\nDisplayName=\"@{items('For_each_site_column')?['DisplayName']}\"\nDescription=\"@{items('For_each_site_column')?['Description']}\"\nStaticName=\"@{items('For_each_site_column')?['Name']}\" \nName=\"@{items('For_each_site_column')?['Name']}\" \nRequired=\"@{items('For_each_site_column')?['IsRequired']}\" \nEnforceUniqueValues=\"@{items('For_each_site_column')?['isValueUnique']}\" \nIndexed=\"@{items('For_each_site_column')?['isIndex']}\"\nShowField=\"ImnName\" \nUserSelectionMode=\"PeopleOnly\"  \nGroup=\"@{items('For_each_site_column')?['Group']}\" \nID=\"{@{variables('varGuidColumn')}}\" />"
                  }
                }
              },
              "runAfter": {
                "Is_Column_Type_Boolean": [
                  "Succeeded"
                ]
              },
              "expression": {
                "and": [
                  {
                    "equals": [
                      "@item()?['ColumnType']",
                      "User"
                    ]
                  }
                ]
              },
              "metadata": {
                "operationMetadataId": "14aa5c61-c5a7-42c1-b29f-a3cb059667ea"
              },
              "type": "If"
            },
            "Is_Column_Type_URL": {
              "actions": {
                "Set_varXMLColumn_URL": {
                  "runAfter": {},
                  "metadata": {
                    "operationMetadataId": "89dd5477-2457-46e0-aff4-e31c550e518a"
                  },
                  "type": "SetVariable",
                  "inputs": {
                    "name": "varXMLColumn",
                    "value": "<Field Type=\"URL\"\nDisplayName=\"@{items('For_each_site_column')?['DisplayName']}\"\nDescription=\"@{items('For_each_site_column')?['Description']}\"\nStaticName=\"@{items('For_each_site_column')?['Name']}\" \nName=\"@{items('For_each_site_column')?['Name']}\" \nRequired=\"@{items('For_each_site_column')?['IsRequired']}\" \nEnforceUniqueValues=\"@{items('For_each_site_column')?['isValueUnique']}\" \nIndexed=\"@{items('For_each_site_column')?['isIndex']}\" \nFormat=\"@{items('For_each_site_column')?['Format']}\"\nGroup=\"@{items('For_each_site_column')?['Group']}\" \nID=\"{@{variables('varGuidColumn')}}\" />"
                  }
                }
              },
              "runAfter": {
                "Is_Column_Type_User": [
                  "Succeeded"
                ]
              },
              "expression": {
                "and": [
                  {
                    "equals": [
                      "@item()?['ColumnType']",
                      "URL"
                    ]
                  }
                ]
              },
              "metadata": {
                "operationMetadataId": "6c1c2e01-5a89-4609-ae59-11804633fec0"
              },
              "type": "If"
            },
            "Create_Site_Column_as_XML": {
              "runAfter": {
                "Is_Column_Type_URL": [
                  "Succeeded"
                ]
              },
              "metadata": {
                "operationMetadataId": "0fd4fff0-1fe4-4a3e-93b7-3afaeaf8e029"
              },
              "type": "OpenApiConnection",
              "inputs": {
                "host": {
                  "connectionName": "shared_sharepointonline",
                  "operationId": "HttpRequest",
                  "apiId": "/providers/Microsoft.PowerApps/apis/shared_sharepointonline"
                },
                "parameters": {
                  "dataset": "@parameters('HD-ENV-SITE-SPO (contoso_HDENVSITESPO)')",
                  "parameters/method": "POST",
                  "parameters/uri": "_api/web/Fields/createfieldasxml",
                  "parameters/headers": {
                    "accept": "application/json;odata=verbose",
                    "content-type": "application/json;odata=verbose"
                  },
                  "parameters/body": "{\n   \"parameters\": {\n       \"__metadata\": { \"type\": \"SP.XmlSchemaFieldCreationInformation\" },\n       \"SchemaXml\":  '@{variables('varXMLColumn')}'\n   }\n}"
                },
                "authentication": {
                  "type": "Raw",
                  "value": "@json(decodeBase64(triggerOutputs().headers['X-MS-APIM-Tokens']))['$ConnectionKey']"
                }
              },
              "description": "Send HTTP Requesto to SharePoint"
            }
          },
          "runAfter": {
            "Get_Site_Columns": [
              "Succeeded"
            ]
          },
          "metadata": {
            "operationMetadataId": "892375f8-4c4f-4f43-8f59-eebcf4e64b36"
          },
          "type": "Foreach"
        }
      }
    },
    "templateName": ""
  },
  "schemaVersion": "1.0.0.0"
}